{"cameraMode":{"drawMode":0,"name":"Shaded","section":"Shading Mode"},"sceneLighting":false,"audioPlay":false,"sceneViewState":{"showFog":true,"showMaterialUpdate":false,"showSkybox":true,"showFlares":true,"showImageEffects":true,"showParticleSystems":true},"in2DMode":false,"pivot":{"x":-16.923564910888673,"y":16.33269500732422,"z":-8.877158164978028},"rotation":{"x":0.1626216024160385,"y":0.6552664041519165,"z":-0.14465253055095673,"w":0.7238994836807251},"size":8.378211975097657,"orthographic":false}