{"cameraMode":{"drawMode":0,"name":"Shaded","section":"Shading Mode"},"sceneLighting":false,"audioPlay":false,"sceneViewState":{"showFog":true,"showMaterialUpdate":false,"showSkybox":true,"showFlares":true,"showImageEffects":true,"showParticleSystems":true},"in2DMode":false,"pivot":{"x":-5.765791893005371,"y":1.2395058870315552,"z":-13.158663749694825},"rotation":{"x":0.09576886892318726,"y":-0.6124418377876282,"z":0.07484292984008789,"w":0.7815036177635193},"size":0.2513844668865204,"orthographic":false}