{"cameraMode":{"drawMode":0,"name":"Shaded","section":"Shading Mode"},"sceneLighting":false,"audioPlay":false,"sceneViewState":{"showFog":true,"showMaterialUpdate":false,"showSkybox":true,"showFlares":true,"showImageEffects":true,"showParticleSystems":true},"in2DMode":false,"pivot":{"x":0.0,"y":0.3344467282295227,"z":-0.0394742488861084},"rotation":{"x":-0.00371788302436471,"y":0.9757910966873169,"z":-0.21810494363307954,"w":-0.01669812574982643},"size":2.5407493114471437,"orthographic":false}