{"cameraMode":{"drawMode":0,"name":"Shaded","section":"Shading Mode"},"sceneLighting":false,"audioPlay":false,"sceneViewState":{"showFog":true,"showMaterialUpdate":false,"showSkybox":true,"showFlares":true,"showImageEffects":true,"showParticleSystems":true},"in2DMode":false,"pivot":{"x":1.9419373273849488,"y":0.701688826084137,"z":-5.052619934082031},"rotation":{"x":0.004866916686296463,"y":0.9941732287406921,"z":-0.05015090852975845,"w":0.09631302952766419},"size":0.4498945474624634,"orthographic":false}