{"cameraMode":{"drawMode":0,"name":"Shaded","section":"Shading Mode"},"sceneLighting":false,"audioPlay":false,"sceneViewState":{"showFog":true,"showMaterialUpdate":false,"showSkybox":true,"showFlares":true,"showImageEffects":true,"showParticleSystems":true},"in2DMode":false,"pivot":{"x":-5.990082263946533,"y":0.943000078201294,"z":-7.218391418457031},"rotation":{"x":0.2957333028316498,"y":0.19399170577526093,"z":-0.059515826404094699,"w":0.9338834881782532},"size":5.112270832061768,"orthographic":false}