{"cameraMode":{"drawMode":0,"name":"Shaded","section":"Shading Mode"},"sceneLighting":false,"audioPlay":false,"sceneViewState":{"showFog":true,"showMaterialUpdate":false,"showSkybox":true,"showFlares":true,"showImageEffects":true,"showParticleSystems":true},"in2DMode":false,"pivot":{"x":-6.133523464202881,"y":7.016080379486084,"z":-8.296464920043946},"rotation":{"x":0.09175487607717514,"y":-0.7354350686073303,"z":0.10169112682342529,"w":0.6636189222335815},"size":3.661583185195923,"orthographic":false}