{"cameraMode":{"drawMode":0,"name":"Shaded","section":"Shading Mode"},"sceneLighting":false,"audioPlay":false,"sceneViewState":{"showFog":true,"showMaterialUpdate":false,"showSkybox":true,"showFlares":true,"showImageEffects":true,"showParticleSystems":true},"in2DMode":false,"pivot":{"x":3.6915156841278078,"y":0.0857834741473198,"z":-4.392666816711426},"rotation":{"x":0.0023268682416528465,"y":0.997397780418396,"z":-0.036820702254772189,"w":0.062309201806783679},"size":0.44074904918670657,"orthographic":false}