{"cameraMode":{"drawMode":0,"name":"Shaded","section":"Shading Mode"},"sceneLighting":false,"audioPlay":false,"sceneViewState":{"showFog":true,"showMaterialUpdate":false,"showSkybox":true,"showFlares":true,"showImageEffects":true,"showParticleSystems":true},"in2DMode":false,"pivot":{"x":0.6506428122520447,"y":2.0961296558380129,"z":-2.5192034244537355},"rotation":{"x":-0.00007115410699043423,"y":-0.9855842590332031,"z":0.16959141194820405,"w":0.000028682747142738663},"size":0.33668476343154909,"orthographic":false}