{"cameraMode":{"drawMode":0,"name":"Shaded","section":"Shading Mode"},"sceneLighting":false,"audioPlay":false,"sceneViewState":{"showFog":true,"showMaterialUpdate":false,"showSkybox":true,"showFlares":true,"showImageEffects":true,"showParticleSystems":true},"in2DMode":false,"pivot":{"x":483.2749938964844,"y":210.52500915527345,"z":-3.561784505844116},"rotation":{"x":0.059827640652656558,"y":0.7667392492294312,"z":-0.0721946656703949,"w":0.6351252794265747},"size":1989.442138671875,"orthographic":false}