{"cameraMode":{"drawMode":0,"name":"Shaded","section":"Shading Mode"},"sceneLighting":false,"audioPlay":false,"sceneViewState":{"showFog":true,"showMaterialUpdate":false,"showSkybox":true,"showFlares":true,"showImageEffects":true,"showParticleSystems":true},"in2DMode":false,"pivot":{"x":-2.5475146770477297,"y":-1.1487083435058594,"z":0.3075205981731415},"rotation":{"x":0.15390916168689729,"y":-0.649994432926178,"z":0.13758555054664613,"w":0.7315539121627808},"size":3.199587821960449,"orthographic":false}