{"cameraMode":{"drawMode":0,"name":"Shaded","section":"Shading Mode"},"sceneLighting":false,"audioPlay":false,"sceneViewState":{"showFog":true,"showMaterialUpdate":false,"showSkybox":true,"showFlares":true,"showImageEffects":true,"showParticleSystems":true},"in2DMode":false,"pivot":{"x":-1.3563841581344605,"y":0.24369418621063233,"z":-0.3829159736633301},"rotation":{"x":-0.17857109010219575,"y":0.26466336846351626,"z":-0.051592450588941577,"w":-0.9465540647506714},"size":3.7491931915283205,"orthographic":false}