{"cameraMode":{"drawMode":0,"name":"Shaded","section":"Shading Mode"},"sceneLighting":false,"audioPlay":false,"sceneViewState":{"showFog":true,"showMaterialUpdate":false,"showSkybox":true,"showFlares":true,"showImageEffects":true,"showParticleSystems":true},"in2DMode":false,"pivot":{"x":-12.511150360107422,"y":0.9932563304901123,"z":-15.61378002166748},"rotation":{"x":-0.001927606062963605,"y":-0.9932945966720581,"z":0.11765316128730774,"w":-0.0030480155255645515},"size":4.408417224884033,"orthographic":false}