{"cameraMode":{"drawMode":0,"name":"Shaded","section":"Shading Mode"},"sceneLighting":false,"audioPlay":false,"sceneViewState":{"showFog":true,"showMaterialUpdate":false,"showSkybox":true,"showFlares":true,"showImageEffects":true,"showParticleSystems":true},"in2DMode":false,"pivot":{"x":-61.3789176940918,"y":-27.080530166625978,"z":11.094277381896973},"rotation":{"x":0.15369130671024323,"y":-0.6283485293388367,"z":0.12800541520118714,"w":0.7522006034851074},"size":71.9882583618164,"orthographic":false}