{"cameraMode":{"drawMode":0,"name":"Shaded","section":"Shading Mode"},"sceneLighting":false,"audioPlay":false,"sceneViewState":{"showFog":true,"showMaterialUpdate":false,"showSkybox":true,"showFlares":true,"showImageEffects":true,"showParticleSystems":true},"in2DMode":false,"pivot":{"x":-25.20212173461914,"y":4.61881160736084,"z":-4.779999732971191},"rotation":{"x":-0.022488495334982873,"y":0.9200546145439148,"z":-0.05331898108124733,"w":-0.3875947594642639},"size":17.33563995361328,"orthographic":false}