{"cameraMode":{"drawMode":0,"name":"Shaded","section":"Shading Mode"},"sceneLighting":false,"audioPlay":false,"sceneViewState":{"showFog":true,"showMaterialUpdate":false,"showSkybox":true,"showFlares":true,"showImageEffects":true,"showParticleSystems":true},"in2DMode":false,"pivot":{"x":-21.209396362304689,"y":-3.7542684078216554,"z":-15.380303382873536},"rotation":{"x":-0.06408673524856568,"y":0.8478857278823853,"z":-0.10502835363149643,"w":-0.5163430571556091},"size":22.0,"orthographic":false}