{"cameraMode":{"drawMode":0,"name":"Shaded","section":"Shading Mode"},"sceneLighting":false,"audioPlay":false,"sceneViewState":{"showFog":true,"showMaterialUpdate":false,"showSkybox":true,"showFlares":true,"showImageEffects":true,"showParticleSystems":true},"in2DMode":false,"pivot":{"x":-4.999937534332275,"y":-40.895992279052737,"z":41.45396423339844},"rotation":{"x":-0.38269078731536868,"y":0.05249820649623871,"z":-0.023348724469542505,"w":-0.9225167036056519},"size":71.9882583618164,"orthographic":false}