{"cameraMode":{"drawMode":0,"name":"Shaded","section":"Shading Mode"},"sceneLighting":false,"audioPlay":false,"sceneViewState":{"showFog":true,"showMaterialUpdate":false,"showSkybox":true,"showFlares":true,"showImageEffects":true,"showParticleSystems":true},"in2DMode":false,"pivot":{"x":-14.039999961853028,"y":6.666450023651123,"z":-4.051616191864014},"rotation":{"x":-0.02390291541814804,"y":-0.9643571376800537,"z":0.25005680322647097,"w":-0.08793745934963227},"size":22.0,"orthographic":false}