{"cameraMode":{"drawMode":0,"name":"Shaded","section":"Shading Mode"},"sceneLighting":false,"audioPlay":false,"sceneViewState":{"showFog":true,"showMaterialUpdate":false,"showSkybox":true,"showFlares":true,"showImageEffects":true,"showParticleSystems":true},"in2DMode":false,"pivot":{"x":-6.058788299560547,"y":7.253243446350098,"z":-6.434579372406006},"rotation":{"x":-0.05919501185417175,"y":0.9386195540428162,"z":-0.25901883840560915,"w":-0.22184187173843385},"size":2.7686405181884767,"orthographic":false}