{"cameraMode":{"drawMode":0,"name":"Shaded","section":"Shading Mode"},"sceneLighting":false,"audioPlay":false,"sceneViewState":{"showFog":true,"showMaterialUpdate":false,"showSkybox":true,"showFlares":true,"showImageEffects":true,"showParticleSystems":true},"in2DMode":false,"pivot":{"x":1.3591824769973755,"y":-8.162961959838868,"z":-18.893146514892579},"rotation":{"x":0.00784169603139162,"y":0.9790596961975098,"z":-0.20133426785469056,"w":0.03870483860373497},"size":22.0,"orthographic":false}